id,first_name,last_name,email,gender,ip_address
1,Berkly,Hartzenberg,bhartzenberg0@freewebs.com,Male,142.12.233.94
2,Karoly,Russen,krussen1@lulu.com,Female,238.47.205.241
3,Jaymee,Timlett,jtimlett2@chronoengine.com,Female,29.116.161.250
4,Llywellyn,Oxenford,loxenford3@wix.com,Male,158.107.163.157
5,Marney,Simonyi,msimonyi4@pagesperso-orange.fr,Female,89.84.152.14
6,Franz,Quainton,fquainton5@cocolog-nifty.com,Male,59.78.215.67
7,Melodee,Mattevi,mmattevi6@pen.io,Female,201.108.23.244
8,Eveleen,Gilbank,egilbank7@youtu.be,Female,48.187.118.128
9,Robbie,Molesworth,rmolesworth8@abc.net.au,Female,34.223.210.214
10,Alyce,Cothey,acothey9@springer.com,Female,96.164.159.55
11,Lorelei,Fleis,lfleisa@fastcompany.com,Female,96.47.242.24
12,Cesare,Tzarkov,ctzarkovb@vinaora.com,Male,166.113.4.77
13,Binny,Claw,bclawc@unicef.org,Female,160.108.59.229
14,Lorenzo,Besnard,lbesnardd@geocities.com,Male,233.224.146.161
15,Cinnamon,Annice,cannicee@shutterfly.com,Female,238.144.93.195
16,Nero,McGinly,nmcginlyf@bigcartel.com,Male,174.175.10.202
17,Bea,Cape,bcapeg@de.vu,Female,222.126.250.246
18,Josi,Swales,jswalesh@mapquest.com,Female,213.19.123.102
19,Falito,Penreth,fpenrethi@mozilla.org,Male,16.214.39.49
20,Essa,Evill,eevillj@fastcompany.com,Female,107.130.43.218
21,Brenden,Toffolo,btoffolok@dot.gov,Male,105.10.123.248
22,Avery,Dugood,adugoodl@blogger.com,Male,92.20.211.225
23,Benji,Michelmore,bmichelmorem@ftc.gov,Male,149.179.127.50
24,Sarena,Keeping,skeepingn@livejournal.com,Female,225.244.49.36
25,Jermayne,Roxburch,jroxburcho@123-reg.co.uk,Male,205.166.127.192
26,Anjela,Charleston,acharlestonp@shop-pro.jp,Female,183.177.248.230
27,Barbara-anne,Quartermaine,bquartermaineq@nbcnews.com,Female,14.119.17.35
28,Fania,Moyler,fmoylerr@pen.io,Female,23.156.146.27
29,Reinald,Minnette,rminnettes@youtu.be,Male,5.81.41.97
30,Reeba,Seczyk,rseczykt@forbes.com,Female,192.195.212.228
31,Lazare,Openshaw,lopenshawu@mashable.com,Male,209.78.87.112
32,Pembroke,Roscamp,proscampv@weibo.com,Male,151.149.16.255
33,Karen,Wellsman,kwellsmanw@nps.gov,Female,158.136.146.52
34,Samuel,Urien,surienx@lycos.com,Male,250.112.192.132
35,Doria,Pyne,dpyney@omniture.com,Female,217.37.144.129
36,Niles,Godbald,ngodbaldz@youku.com,Male,217.160.128.184
37,Leeann,Jancar,ljancar10@tuttocitta.it,Female,255.77.19.116
38,Paula,Timson,ptimson11@answers.com,Female,73.43.203.116
39,Allister,Offer,aoffer12@mit.edu,Male,85.30.114.87
40,Elva,Furmagier,efurmagier13@addthis.com,Female,163.10.194.203
41,Sydney,Giuron,sgiuron14@yolasite.com,Female,80.210.87.251
42,Gabi,McCullock,gmccullock15@uol.com.br,Female,15.127.37.71
43,Leann,Antognoni,lantognoni16@symantec.com,Female,144.237.254.189
44,Di,Morin,dmorin17@e-recht24.de,Female,76.43.228.206
45,Ricky,Gilhoolie,rgilhoolie18@amazon.de,Female,204.137.116.27
46,Lindsey,Hachard,lhachard19@mtv.com,Male,129.213.97.176
47,Derwin,Nodes,dnodes1a@dailymotion.com,Male,184.96.91.54
48,Cynthea,Pitway,cpitway1b@ucoz.ru,Female,85.203.126.235
49,Merrie,Ramos,mramos1c@npr.org,Female,9.150.72.33
50,Cammi,Jervoise,cjervoise1d@indiatimes.com,Female,23.215.95.21
51,Haze,Schimon,hschimon1e@sogou.com,Male,208.78.217.153
52,Stefania,Ramsey,sramsey1f@cyberchimps.com,Female,27.216.55.191
53,Parry,de Verson,pdeverson1g@over-blog.com,Male,27.113.10.250
54,Everard,Coaster,ecoaster1h@netvibes.com,Male,5.104.118.106
55,Rodolph,Zima,rzima1i@china.com.cn,Male,237.11.33.1
56,Prudence,Pretty,ppretty1j@tumblr.com,Female,56.38.11.21
57,Abbie,Dovinson,adovinson1k@angelfire.com,Female,241.43.49.112
58,Wilden,Clementson,wclementson1l@ning.com,Male,34.236.180.248
59,Shandie,Gilyatt,sgilyatt1m@ovh.net,Female,152.249.137.85
60,Tamar,Bramich,tbramich1n@hubpages.com,Female,155.104.15.64
61,Gerek,Beange,gbeange1o@ed.gov,Male,182.190.197.103
62,Ruthy,Pyle,rpyle1p@parallels.com,Female,255.1.23.50
63,Tomas,Uden,tuden1q@a8.net,Male,100.67.59.122
64,Nike,Fine,nfine1r@ft.com,Female,204.143.183.138
65,Caresse,Ashment,cashment1s@blogtalkradio.com,Female,197.184.167.165
66,Vergil,Swiffin,vswiffin1t@histats.com,Male,124.53.78.42
67,Viv,Chasmoor,vchasmoor1u@chronoengine.com,Female,220.101.52.18
68,Bay,Meir,bmeir1v@usatoday.com,Male,33.208.175.252
69,Pascal,Kindred,pkindred1w@cmu.edu,Male,229.103.10.44
70,Ina,Triggel,itriggel1x@topsy.com,Female,10.140.120.200
71,Olin,Buggs,obuggs1y@chron.com,Male,154.205.165.53
72,Gray,Moncreif,gmoncreif1z@live.com,Male,106.176.121.60
73,Gennifer,Saffen,gsaffen20@1688.com,Female,108.197.7.136
74,Cyndia,Devote,cdevote21@ihg.com,Female,30.7.58.174
75,Idalia,Blanden,iblanden22@hatena.ne.jp,Female,61.229.248.137
76,Nathalie,Bonsall,nbonsall23@privacy.gov.au,Female,126.202.153.141
77,Richie,Nathon,rnathon24@spotify.com,Male,117.19.169.26
78,Dorree,Sherrin,dsherrin25@google.co.jp,Female,49.198.135.94
79,Giacobo,Postance,gpostance26@go.com,Male,131.70.32.4
80,Kelley,Wilcinskis,kwilcinskis27@merriam-webster.com,Male,16.61.14.203
81,Adelaida,Nuemann,anuemann28@sfgate.com,Female,36.167.121.252
82,Aldridge,Fitzmaurice,afitzmaurice29@example.com,Male,51.169.240.184
83,Aube,Sennett,asennett2a@spiegel.de,Male,216.224.10.62
84,Candida,Lisciardelli,clisciardelli2b@scribd.com,Female,190.38.42.240
85,Richmond,Clacey,rclacey2c@vinaora.com,Male,184.148.129.199
86,Avictor,Tellenbrok,atellenbrok2d@gmpg.org,Male,103.70.156.88
87,Ulysses,Dalgleish,udalgleish2e@cpanel.net,Male,103.31.222.215
88,Tedman,Reaveley,treaveley2f@jiathis.com,Male,101.169.33.9
89,Bartholomeo,Crothers,bcrothers2g@wp.com,Male,64.239.93.103
90,Babbette,Wewell,bwewell2h@twitter.com,Female,41.49.221.215
91,Dani,Aronin,daronin2i@sitemeter.com,Male,195.64.171.233
92,Willey,Woodley,wwoodley2j@biglobe.ne.jp,Male,149.71.39.203
93,Noni,Dorro,ndorro2k@paypal.com,Female,214.179.168.146
94,Sherie,Grattan,sgrattan2l@infoseek.co.jp,Female,85.47.230.39
95,Shaina,Lackington,slackington2m@php.net,Female,231.198.243.172
96,Lenard,Zemler,lzemler2n@hp.com,Male,85.151.94.212
97,Jo-ann,Barfield,jbarfield2o@usda.gov,Female,150.225.19.184
98,Sarette,Bilsborrow,sbilsborrow2p@mail.ru,Female,209.123.207.81
99,Herbie,Searston,hsearston2q@nydailynews.com,Male,217.227.232.172
100,Davy,Di Napoli,ddinapoli2r@tumblr.com,Male,158.33.217.201
101,Courtney,Vitler,cvitler2s@dion.ne.jp,Female,35.7.16.139
102,Garret,McCay,gmccay2t@slate.com,Male,36.134.185.100
103,Prince,O'Cosgra,pocosgra2u@biblegateway.com,Male,94.104.86.143
104,Skipp,Biesinger,sbiesinger2v@cdbaby.com,Male,73.186.233.216
105,Paulita,Dutnell,pdutnell2w@msu.edu,Female,125.57.223.132
106,Natalee,Howatt,nhowatt2x@senate.gov,Female,169.52.223.56
107,Darby,Arnke,darnke2y@shop-pro.jp,Male,238.84.227.215
108,Derry,Kearton,dkearton2z@weather.com,Male,190.52.146.189
109,Flore,Grishechkin,fgrishechkin30@webeden.co.uk,Female,18.124.175.224
110,Berkie,Ruoss,bruoss31@microsoft.com,Male,126.164.52.178
111,Roz,Bullock,rbullock32@stanford.edu,Female,110.217.215.213
112,Brittaney,Overell,boverell33@cornell.edu,Female,177.3.20.78
113,Durante,Lisimore,dlisimore34@admin.ch,Male,11.235.176.238
114,Kai,Venn,kvenn35@themeforest.net,Female,78.249.154.232
115,Brok,Cowthard,bcowthard36@tumblr.com,Male,197.45.238.243
116,Jerad,O'Doireidh,jodoireidh37@time.com,Male,218.179.214.149
117,Merrie,Marquis,mmarquis38@slashdot.org,Female,157.108.62.135
118,Penny,Rawll,prawll39@youtube.com,Female,132.203.201.132
119,Chase,Wagg,cwagg3a@hp.com,Male,179.24.184.125
120,Carrol,Duchan,cduchan3b@slate.com,Male,129.195.40.97
121,Hube,Ludford,hludford3c@mysql.com,Male,61.77.66.41
122,Zara,Auton,zauton3d@facebook.com,Female,18.252.239.58
123,Liesa,Ruzek,lruzek3e@dailymail.co.uk,Female,19.154.141.72
124,Kerr,Grevatt,kgrevatt3f@state.tx.us,Male,145.86.249.207
125,Constantia,Whiteman,cwhiteman3g@chronoengine.com,Female,56.211.211.82
126,Ephrayim,Humpage,ehumpage3h@kickstarter.com,Male,222.207.212.28
127,Geri,Kolushev,gkolushev3i@g.co,Male,143.93.86.108
128,Culley,Carmo,ccarmo3j@dyndns.org,Male,127.164.115.151
129,Simone,Culter,sculter3k@wordpress.com,Male,97.25.220.14
130,Michael,Radford,mradford3l@adobe.com,Male,210.120.16.39
131,Olag,Fitzroy,ofitzroy3m@ebay.com,Male,145.70.214.88
132,Lizabeth,Ellery,lellery3n@admin.ch,Female,163.224.48.255
133,Calley,Windybank,cwindybank3o@archive.org,Female,79.83.170.239
134,Maje,Huot,mhuot3p@ehow.com,Male,127.215.45.129
135,Jakob,Hovey,jhovey3q@geocities.jp,Male,28.242.31.208
136,Dehlia,Anyon,danyon3r@sbwire.com,Female,219.88.156.223
137,Scott,Scantlebury,sscantlebury3s@twitpic.com,Male,250.14.78.87
138,Morris,Hayhurst,mhayhurst3t@163.com,Male,89.164.39.62
139,Hildagarde,Paxforde,hpaxforde3u@privacy.gov.au,Female,62.149.249.226
140,Janot,Crompton,jcrompton3v@abc.net.au,Female,57.180.133.215
141,Tucker,Tremblay,ttremblay3w@furl.net,Male,117.171.255.66
142,Keir,Lubbock,klubbock3x@g.co,Male,185.245.53.161
143,Jannelle,Barrasse,jbarrasse3y@ox.ac.uk,Female,181.177.254.40
144,Liv,Hanscomb,lhanscomb3z@sohu.com,Female,82.57.159.24
145,Holly,Braley,hbraley40@fda.gov,Female,6.139.189.70
146,Monro,Tresise,mtresise41@ycombinator.com,Male,115.104.161.231
147,Lanita,Kohneke,lkohneke42@desdev.cn,Female,77.240.60.41
148,Lexi,Ackers,lackers43@mapy.cz,Female,191.233.229.144
149,Doralynn,Whartonby,dwhartonby44@kickstarter.com,Female,117.8.244.221
150,Alick,Lowater,alowater45@yelp.com,Male,170.134.130.16
151,Yehudi,Floweth,yfloweth46@facebook.com,Male,16.105.157.201
152,Julia,Tulip,jtulip47@youtu.be,Female,65.81.204.234
153,Merla,Ridges,mridges48@ucla.edu,Female,75.147.190.3
154,Xever,Roizn,xroizn49@go.com,Male,43.34.161.205
155,Ted,Mee,tmee4a@alibaba.com,Male,18.156.8.136
156,Alasdair,Steet,asteet4b@hp.com,Male,118.111.76.222
157,Sindee,Fearick,sfearick4c@feedburner.com,Female,142.104.242.210
158,Pepito,Hulburt,phulburt4d@intel.com,Male,38.12.56.49
159,Rollo,Playle,rplayle4e@trellian.com,Male,157.221.133.18
160,Gabriellia,Ivett,givett4f@un.org,Female,236.244.7.193
161,Thibaud,Van Arsdale,tvanarsdale4g@linkedin.com,Male,98.159.149.145
162,Jeremie,Johanssen,jjohanssen4h@dailymail.co.uk,Male,31.36.138.154
163,Pernell,Chessum,pchessum4i@marriott.com,Male,35.113.111.250
164,Kendre,Belton,kbelton4j@acquirethisname.com,Female,222.177.15.128
165,Gael,Crebbin,gcrebbin4k@bandcamp.com,Male,29.225.31.29
166,Hernando,Moakes,hmoakes4l@taobao.com,Male,134.69.187.121
167,Orsa,Rutland,orutland4m@dion.ne.jp,Female,85.107.205.77
168,Lilly,Haley,lhaley4n@ca.gov,Female,52.206.195.32
169,Nappie,Guys,nguys4o@w3.org,Male,241.215.192.188
170,Pru,Raisher,praisher4p@wix.com,Female,13.44.35.200
171,Carlo,Diment,cdiment4q@odnoklassniki.ru,Male,27.118.40.228
172,Pernell,McMenamie,pmcmenamie4r@youtube.com,Male,146.224.20.196
173,Cacilia,McKennan,cmckennan4s@addtoany.com,Female,61.135.246.20
174,Aline,Kevlin,akevlin4t@freewebs.com,Female,4.103.189.130
175,Candice,Blunn,cblunn4u@mediafire.com,Female,88.210.88.243
176,Lev,McCrum,lmccrum4v@tuttocitta.it,Male,28.180.83.44
177,Bebe,De La Hay,bdelahay4w@goodreads.com,Female,118.199.4.254
178,Abner,Chaff,achaff4x@geocities.jp,Male,100.75.108.27
179,Clementina,Diggins,cdiggins4y@topsy.com,Female,70.95.219.81
180,Izaak,Randerson,iranderson4z@pen.io,Male,9.137.7.138
181,Nert,Andrioli,nandrioli50@pcworld.com,Female,17.5.100.121
182,Ephraim,Hun,ehun51@nyu.edu,Male,50.40.237.233
183,Haleigh,Mattevi,hmattevi52@last.fm,Male,146.15.140.162
184,Misha,Vokins,mvokins53@xrea.com,Female,213.186.73.150
185,Margarethe,Castilla,mcastilla54@wordpress.com,Female,195.104.126.141
186,Terri-jo,Harman,tharman55@jalbum.net,Female,6.246.12.54
187,Chevy,Tink,ctink56@deliciousdays.com,Male,16.70.200.187
188,Jeth,Boome,jboome57@blinklist.com,Male,255.55.53.95
189,Burch,Hebron,bhebron58@redcross.org,Male,172.70.220.75
190,Law,Kleinberer,lkleinberer59@independent.co.uk,Male,207.34.46.12
191,Consuelo,Heistermann,cheistermann5a@nasa.gov,Female,127.218.74.87
192,Netta,Dybald,ndybald5b@ameblo.jp,Female,94.5.95.137
193,Neal,Dudlestone,ndudlestone5c@wikia.com,Male,3.245.198.141
194,Farrell,Painten,fpainten5d@netlog.com,Male,166.217.155.223
195,Caren,Upstone,cupstone5e@xing.com,Female,188.236.180.63
196,Melodie,McKenzie,mmckenzie5f@nih.gov,Female,180.36.110.122
197,Hendrika,Scudamore,hscudamore5g@t-online.de,Female,131.74.130.181
198,Daisie,Joinsey,djoinsey5h@wp.com,Female,132.167.229.0
199,Tonnie,Loving,tloving5i@wisc.edu,Male,9.198.76.137
200,Caterina,Edon,cedon5j@bigcartel.com,Female,92.36.231.176
201,Nicol,Hull,nhull5k@slashdot.org,Female,2.133.15.29
202,Perren,Piegrome,ppiegrome5l@msu.edu,Male,87.238.148.115
203,Lilly,Jurzyk,ljurzyk5m@ehow.com,Female,99.184.221.226
204,Korie,McGauhy,kmcgauhy5n@wikipedia.org,Female,12.197.161.48
205,Blancha,O'Lenane,bolenane5o@cdbaby.com,Female,210.78.112.125
206,Elga,Scholer,escholer5p@accuweather.com,Female,141.105.75.134
207,Wilton,Hartburn,whartburn5q@usa.gov,Male,229.10.35.181
208,Lambert,Jennaroy,ljennaroy5r@vinaora.com,Male,117.78.12.153
209,Merry,Corroyer,mcorroyer5s@i2i.jp,Male,250.74.59.36
210,Fernande,McInerney,fmcinerney5t@sohu.com,Female,168.241.147.83
211,Kristina,Gresswell,kgresswell5u@biblegateway.com,Female,9.106.14.166
212,Teri,Bloxholm,tbloxholm5v@dell.com,Female,83.107.42.255
213,Zebedee,O'Henecan,zohenecan5w@nifty.com,Male,135.138.31.247
214,Jason,Graybeal,jgraybeal5x@photobucket.com,Male,92.49.119.96
215,Carleton,Clemot,cclemot5y@theguardian.com,Male,184.45.34.72
216,Nicolis,Ladlow,nladlow5z@indiatimes.com,Male,83.84.137.8
217,Cullie,Vost,cvost60@illinois.edu,Male,153.19.47.236
218,Candis,Forten,cforten61@smh.com.au,Female,254.108.142.205
219,Jaime,Aucourte,jaucourte62@goo.ne.jp,Female,164.184.188.55
220,Garwood,Harden,gharden63@goo.ne.jp,Male,180.6.100.56
221,Gaspard,Strettle,gstrettle64@vinaora.com,Male,65.27.247.74
222,Rodd,Vellender,rvellender65@tinypic.com,Male,229.162.234.164
223,Gael,Kirkham,gkirkham66@adobe.com,Male,223.176.246.60
224,Noak,Clery,nclery67@timesonline.co.uk,Male,90.135.115.167
225,Llywellyn,Phillcock,lphillcock68@discuz.net,Male,55.84.179.26
226,Elysha,Cawson,ecawson69@tripadvisor.com,Female,210.82.37.150
227,Shannon,Danilyak,sdanilyak6a@flickr.com,Male,108.159.230.137
228,Domingo,Ayerst,dayerst6b@cnn.com,Male,64.228.250.169
229,Lanni,Umbert,lumbert6c@cpanel.net,Female,34.181.212.193
230,Marty,Dineen,mdineen6d@woothemes.com,Male,7.225.250.239
231,Gigi,Dunbobin,gdunbobin6e@wsj.com,Female,113.233.24.106
232,Roslyn,Simcoe,rsimcoe6f@imgur.com,Female,179.80.18.79
233,Page,Blose,pblose6g@bbc.co.uk,Female,229.71.105.245
234,Gerda,Steely,gsteely6h@nba.com,Female,127.30.91.199
235,Hayes,Bockmann,hbockmann6i@free.fr,Male,227.71.42.109
236,Towny,Milne,tmilne6j@webmd.com,Male,220.142.127.109
237,Jinny,Clell,jclell6k@ft.com,Female,23.210.73.32
238,Sigismundo,Boick,sboick6l@mac.com,Male,20.190.148.205
239,Stefania,Hessenthaler,shessenthaler6m@weibo.com,Female,183.152.47.123
240,Colin,Restieaux,crestieaux6n@bloglines.com,Male,156.175.197.178
241,Yetty,Ellph,yellph6o@geocities.jp,Female,208.102.221.121
242,Ariel,Smowton,asmowton6p@wisc.edu,Male,16.62.144.16
243,Pasquale,Guillard,pguillard6q@cdc.gov,Male,251.135.167.34
244,Lindsey,Beckinsale,lbeckinsale6r@usa.gov,Female,118.71.67.17
245,Eduardo,Swarbrick,eswarbrick6s@flickr.com,Male,216.93.65.28
246,Marinna,Jayne,mjayne6t@unicef.org,Female,32.75.205.244
247,Woodman,Frantzen,wfrantzen6u@alibaba.com,Male,117.80.129.64
248,Hillary,Craggs,hcraggs6v@slashdot.org,Male,249.197.27.240
249,Colver,Normand,cnormand6w@statcounter.com,Male,42.146.239.118
250,Jone,Bonifazio,jbonifazio6x@narod.ru,Male,131.86.63.140
251,Amalie,Blackah,ablackah6y@liveinternet.ru,Female,248.68.244.160
252,Gayle,Sturdy,gsturdy6z@mozilla.org,Male,204.157.83.6
253,Yuri,Mokes,ymokes70@newsvine.com,Male,2.109.218.126
254,Rivalee,Patis,rpatis71@mozilla.com,Female,77.237.33.132
255,Gannon,Castagna,gcastagna72@webmd.com,Male,147.80.113.251
256,Veronica,Thornthwaite,vthornthwaite73@tmall.com,Female,160.131.145.169
257,Carrol,Vardy,cvardy74@odnoklassniki.ru,Male,168.230.148.94
258,Ignace,Moulson,imoulson75@google.es,Male,5.138.152.117
259,Davis,Pruvost,dpruvost76@wiley.com,Male,162.80.247.130
260,Lew,Lade,llade77@shareasale.com,Male,102.103.189.153
261,Ulrich,Drillingcourt,udrillingcourt78@go.com,Male,18.171.58.172
262,Ewart,Petz,epetz79@foxnews.com,Male,210.219.66.98
263,Barnett,Dobbson,bdobbson7a@sogou.com,Male,228.154.181.211
264,Mace,Estable,mestable7b@accuweather.com,Male,239.26.220.167
265,Sergio,Palleske,spalleske7c@cmu.edu,Male,34.113.193.105
266,Miran,Labat,mlabat7d@globo.com,Female,141.84.216.114
267,Tiphani,Glasson,tglasson7e@edublogs.org,Female,198.23.93.229
268,Arabel,Hinkens,ahinkens7f@photobucket.com,Female,246.98.14.178
269,Guss,LAbbet,glabbet7g@github.com,Male,73.19.114.191
270,Jud,Dingle,jdingle7h@elpais.com,Male,49.3.170.96
271,Fenelia,Heiden,fheiden7i@alexa.com,Female,23.50.114.252
272,Poppy,Delwater,pdelwater7j@census.gov,Female,252.104.237.144
273,Dall,Balharry,dbalharry7k@pcworld.com,Male,176.123.162.195
274,Retha,Whimpenny,rwhimpenny7l@umich.edu,Female,222.70.89.166
275,Alisa,Sammut,asammut7m@istockphoto.com,Female,184.158.16.196
276,Magdalene,Cubley,mcubley7n@buzzfeed.com,Female,6.228.113.163
277,Filip,Killbey,fkillbey7o@paypal.com,Male,164.135.43.134
278,Sonnie,Enston,senston7p@apple.com,Female,201.205.74.254
279,Leonid,Vedenichev,lvedenichev7q@drupal.org,Male,239.248.169.72
280,Farr,Arboine,farboine7r@xinhuanet.com,Male,213.175.178.48
281,Con,Beeres,cbeeres7s@theglobeandmail.com,Female,233.67.94.6
282,Matthew,Mowsdill,mmowsdill7t@mysql.com,Male,125.241.234.156
283,Padraig,Stronge,pstronge7u@oracle.com,Male,197.51.219.53
284,Vasily,Birk,vbirk7v@spiegel.de,Male,109.150.191.129
285,Berny,Brodest,bbrodest7w@mashable.com,Male,192.105.91.214
286,Isadore,Gutans,igutans7x@wsj.com,Male,104.184.121.96
287,Obadiah,Ferne,oferne7y@hc360.com,Male,234.143.82.206
288,Zabrina,Mor,zmor7z@uiuc.edu,Female,178.103.177.73
289,Mabelle,Dyos,mdyos80@businessweek.com,Female,172.193.213.63
290,Nonie,Belch,nbelch81@imageshack.us,Female,75.211.137.94
291,Merna,Spreckley,mspreckley82@foxnews.com,Female,107.59.98.167
292,Deina,Spring,dspring83@w3.org,Female,174.52.230.29
293,Doralia,Cracknall,dcracknall84@timesonline.co.uk,Female,182.147.23.144
294,Sammy,Bagg,sbagg85@technorati.com,Female,71.14.124.145
295,Colette,Lang,clang86@skyrock.com,Female,73.13.160.26
296,Flynn,Gaskall,fgaskall87@answers.com,Male,184.252.61.70
297,Gates,Langfat,glangfat88@domainmarket.com,Female,149.169.139.39
298,Kipp,Spenclay,kspenclay89@bloglines.com,Female,238.152.23.150
299,Knox,Sizeland,ksizeland8a@dmoz.org,Male,177.32.140.139
300,Jazmin,Joslin,jjoslin8b@bravesites.com,Female,41.32.68.158
301,Ashly,Mitchelson,amitchelson8c@archive.org,Female,189.108.151.163
302,Alys,Boggers,aboggers8d@odnoklassniki.ru,Female,63.102.204.74
303,Conney,Avrahamoff,cavrahamoff8e@ocn.ne.jp,Male,211.81.109.167
304,Margareta,Benettelli,mbenettelli8f@spotify.com,Female,145.58.107.92
305,Josi,Able,jable8g@uol.com.br,Female,64.138.26.209
306,Thomasina,Crosfeld,tcrosfeld8h@blogtalkradio.com,Female,77.232.112.142
307,Hanson,Needham,hneedham8i@jiathis.com,Male,97.197.186.36
308,Grethel,Whyley,gwhyley8j@multiply.com,Female,24.1.240.36
309,Eran,Maginot,emaginot8k@naver.com,Female,68.211.28.91
310,Hieronymus,Esby,hesby8l@princeton.edu,Male,103.200.223.245
311,Dag,Wadlow,dwadlow8m@un.org,Male,162.221.225.229
312,Seumas,Bilsford,sbilsford8n@parallels.com,Male,170.97.248.18
313,Chere,Orpin,corpin8o@amazon.co.uk,Female,185.162.192.112
314,Eimile,Chalcroft,echalcroft8p@reddit.com,Female,214.223.140.88
315,Cal,Merrywether,cmerrywether8q@behance.net,Male,107.104.148.160
316,Karita,Ablett,kablett8r@omniture.com,Female,161.132.81.84
317,Bald,Dannett,bdannett8s@paypal.com,Male,17.184.247.35
318,Samuel,Greetham,sgreetham8t@scribd.com,Male,169.10.166.88
319,Noak,Hintzer,nhintzer8u@webmd.com,Male,85.185.239.228
320,Gottfried,Guiso,gguiso8v@epa.gov,Male,102.186.73.221
321,Jacobo,Frith,jfrith8w@cyberchimps.com,Male,63.242.144.225
322,Mommy,Walewicz,mwalewicz8x@alibaba.com,Female,215.242.105.109
323,Cathyleen,Cockerton,ccockerton8y@spotify.com,Female,88.99.80.26
324,Lindsay,Laugheran,llaugheran8z@nationalgeographic.com,Male,209.176.116.161
325,Ursula,Synan,usynan90@istockphoto.com,Female,44.157.220.179
326,Dalston,Ruppelin,druppelin91@ebay.co.uk,Male,20.64.103.215
327,Isahella,Camock,icamock92@diigo.com,Female,231.222.166.175
328,Erik,Marco,emarco93@so-net.ne.jp,Male,37.132.231.83
329,Elbertine,BURWIN,eburwin94@blogs.com,Female,234.127.37.20
330,Maitilde,Capaldo,mcapaldo95@ezinearticles.com,Female,240.15.246.236
331,Gretel,Boshier,gboshier96@cbsnews.com,Female,153.237.59.38
332,Stephine,Clothier,sclothier97@ebay.co.uk,Female,28.196.78.177
333,Ulick,Cattanach,ucattanach98@163.com,Male,213.228.201.135
334,Vilhelmina,Cokely,vcokely99@microsoft.com,Female,8.206.21.142
335,Horace,Yuryshev,hyuryshev9a@pagesperso-orange.fr,Male,228.44.251.206
336,Annie,Acedo,aacedo9b@patch.com,Female,76.231.155.237
337,Em,Scholard,escholard9c@answers.com,Female,115.239.185.135
338,Rosalinda,Billsberry,rbillsberry9d@cnet.com,Female,119.26.188.3
339,Raquel,Presshaugh,rpresshaugh9e@dell.com,Female,163.177.153.158
340,Kelsey,Vertigan,kvertigan9f@myspace.com,Male,3.30.135.95
341,Hakeem,Smallcomb,hsmallcomb9g@t.co,Male,122.202.241.44
342,Jilleen,Burnyeat,jburnyeat9h@jalbum.net,Female,224.168.106.23
343,Celestyna,Blankhorn,cblankhorn9i@msn.com,Female,120.236.176.69
344,Raoul,Cundict,rcundict9j@twitter.com,Male,211.21.61.94
345,Katheryn,Inchan,kinchan9k@imageshack.us,Female,46.250.163.127
346,Quent,Stevenson,qstevenson9l@independent.co.uk,Male,229.162.57.209
347,Fernande,Quartley,fquartley9m@desdev.cn,Female,177.225.228.77
348,Tedda,Mycock,tmycock9n@dailymail.co.uk,Female,200.58.11.66
349,Ailsun,Origin,aorigin9o@unicef.org,Female,149.175.28.119
350,Charmian,Hacquoil,chacquoil9p@aol.com,Female,220.86.17.55
351,Greta,Scutter,gscutter9q@tumblr.com,Female,160.14.7.227
352,Stan,Carlyon,scarlyon9r@e-recht24.de,Male,94.219.123.95
353,Henry,Stinton,hstinton9s@theglobeandmail.com,Male,63.187.52.72
354,Jamima,Tryme,jtryme9t@w3.org,Female,157.43.83.124
355,Dian,Standbridge,dstandbridge9u@exblog.jp,Female,64.163.12.115
356,Blake,Toms,btoms9v@businessinsider.com,Male,75.79.246.147
357,Mickey,Felstead,mfelstead9w@fotki.com,Male,202.6.17.199
358,Raimondo,Dawkes,rdawkes9x@bloglovin.com,Male,96.118.254.168
359,Nell,Ber,nber9y@edublogs.org,Female,239.165.167.224
360,Dimitri,De Biasi,ddebiasi9z@sfgate.com,Male,251.130.196.73
361,Rafaela,Godwyn,rgodwyna0@hao123.com,Female,77.15.125.130
362,Constantina,Harbinson,charbinsona1@timesonline.co.uk,Female,119.149.171.37
363,Lilian,Matschke,lmatschkea2@blogs.com,Female,48.106.194.173
364,Chantalle,Cohn,ccohna3@facebook.com,Female,28.162.142.233
365,Constantia,Brayson,cbraysona4@time.com,Female,54.79.22.124
366,Iggy,Ashfield,iashfielda5@storify.com,Male,227.193.153.72
367,Ofelia,Sudlow,osudlowa6@yelp.com,Female,203.15.228.204
368,Jori,Delacroux,jdelacrouxa7@blogtalkradio.com,Female,98.145.220.53
369,Blakelee,Pessler,bpesslera8@google.nl,Female,8.94.244.55
370,Atlante,Tremelling,atremellinga9@flavors.me,Female,145.254.7.18
371,Emmott,Cleaton,ecleatonaa@apple.com,Male,81.40.168.58
372,Dulcine,Wisdish,dwisdishab@microsoft.com,Female,72.36.122.138
373,Rand,Handsheart,rhandsheartac@pbs.org,Male,214.30.229.175
374,Thatcher,Wass,twassad@sohu.com,Male,6.131.8.87
375,Dewey,Foulgham,dfoulghamae@admin.ch,Male,167.218.232.132
376,Windham,Roper,wroperaf@microsoft.com,Male,13.203.132.123
377,Oren,Older,oolderag@hc360.com,Male,121.219.87.48
378,Reese,Baynton,rbayntonah@multiply.com,Male,30.62.110.81
379,Hubey,Trousdell,htrousdellai@github.com,Male,235.195.41.195
380,Demott,Bandt,dbandtaj@mapy.cz,Male,44.234.235.90
381,Olenka,Redon,oredonak@sfgate.com,Female,76.150.130.136
382,Kele,Shalliker,kshallikeral@vkontakte.ru,Male,42.99.82.206
383,Debee,Yurocjhin,dyurocjhinam@imdb.com,Female,175.28.244.80
384,Deidre,Kerswill,dkerswillan@purevolume.com,Female,180.162.202.165
385,Albrecht,Frain,afrainao@feedburner.com,Male,98.232.102.246
386,Madelina,McGarva,mmcgarvaap@list-manage.com,Female,27.49.21.205
387,Louisa,Hugland,lhuglandaq@nytimes.com,Female,110.18.89.19
388,Gael,Krishtopaittis,gkrishtopaittisar@technorati.com,Female,162.253.52.69
389,Lewes,Oughton,loughtonas@amazon.co.jp,Male,237.6.75.121
390,Josefa,Tuny,jtunyat@1688.com,Female,236.171.182.98
391,Chance,Mullis,cmullisau@boston.com,Male,176.167.175.26
392,Tanitansy,Giorgietto,tgiorgiettoav@spiegel.de,Female,20.58.22.124
393,Kennan,O'Clery,kocleryaw@gravatar.com,Male,209.50.180.129
394,Ichabod,Prigg,ipriggax@cocolog-nifty.com,Male,175.252.85.187
395,Briano,Dewis,bdewisay@mysql.com,Male,92.102.124.199
396,Babette,Mapplebeck,bmapplebeckaz@economist.com,Female,140.189.146.24
397,Kirk,Laker,klakerb0@google.fr,Male,119.4.222.66
398,Dario,Avraham,davrahamb1@etsy.com,Male,36.167.161.18
399,Lonny,Alden,laldenb2@bing.com,Male,201.49.179.100
400,Reba,Matkovic,rmatkovicb3@etsy.com,Female,101.81.24.227
401,Tan,O' Hern,tohernb4@1688.com,Male,97.197.158.198
402,Emanuel,Prahl,eprahlb5@t.co,Male,163.184.180.42
403,Colver,Budd,cbuddb6@bing.com,Male,148.186.170.196
404,Townsend,Sanday,tsandayb7@abc.net.au,Male,8.136.255.199
405,Jesus,Seale,jsealeb8@rediff.com,Male,132.116.43.125
406,April,MacNeil,amacneilb9@abc.net.au,Female,84.99.130.56
407,Moselle,Wenman,mwenmanba@webmd.com,Female,196.166.135.247
408,Monte,Bolesma,mbolesmabb@booking.com,Male,65.23.240.181
409,Osborn,Schutze,oschutzebc@people.com.cn,Male,70.9.76.2
410,Chandra,Tuplin,ctuplinbd@ezinearticles.com,Female,16.108.74.72
411,Northrup,Puttock,nputtockbe@trellian.com,Male,31.3.231.42
412,Adrianna,Cafferty,acaffertybf@skype.com,Female,54.92.236.124
413,Barthel,Ledgard,bledgardbg@redcross.org,Male,150.105.227.84
414,Wallace,Jenner,wjennerbh@quantcast.com,Male,146.170.239.235
415,Gerome,Dommett,gdommettbi@ft.com,Male,66.33.221.92
416,Amberly,Dallosso,adallossobj@uol.com.br,Female,68.241.245.191
417,Nelly,Ziemecki,nziemeckibk@phpbb.com,Female,78.227.78.201
418,Georas,Hearty,gheartybl@chicagotribune.com,Male,54.97.77.244
419,Vachel,Foskett,vfoskettbm@japanpost.jp,Male,36.19.112.156
420,Kelci,Beahan,kbeahanbn@businesswire.com,Female,41.22.226.17
421,Karole,Robbel,krobbelbo@spotify.com,Female,243.12.130.112
422,Vic,Guerrieri,vguerrieribp@ftc.gov,Male,42.219.29.87
423,Garv,Berringer,gberringerbq@blogs.com,Male,221.92.27.54
424,Griselda,Lopez,glopezbr@cnet.com,Female,2.170.124.61
425,Mildrid,Epsley,mepsleybs@jalbum.net,Female,40.188.49.5
426,Hortense,Island,hislandbt@youtu.be,Female,59.209.104.78
427,Belva,Tate,btatebu@purevolume.com,Female,122.150.179.234
428,Dennet,Benbow,dbenbowbv@fc2.com,Male,159.181.107.19
429,Thain,Wolfarth,twolfarthbw@tripadvisor.com,Male,128.86.217.195
430,Carlene,McClean,cmccleanbx@qq.com,Female,98.209.237.79
431,Norry,Liccardi,nliccardiby@nih.gov,Male,186.244.195.165
432,Melvyn,Touson,mtousonbz@dailymail.co.uk,Male,185.121.30.200
433,Aland,Moriarty,amoriartyc0@ucla.edu,Male,140.115.138.235
434,Donia,Blabie,dblabiec1@mail.ru,Female,175.109.90.169
435,Vonnie,Heilds,vheildsc2@columbia.edu,Female,28.104.121.40
436,Ilario,Schollick,ischollickc3@berkeley.edu,Male,188.71.197.108
437,Mara,Kauffman,mkauffmanc4@paypal.com,Female,85.143.16.135
438,Gilberta,Hemerijk,ghemerijkc5@amazon.com,Female,155.37.207.172
439,Loni,Jurkiewicz,ljurkiewiczc6@github.io,Female,109.213.8.164
440,Rafi,Kantor,rkantorc7@wikipedia.org,Male,147.218.41.54
441,Marika,Wellum,mwellumc8@uol.com.br,Female,89.45.100.192
442,Katherine,Crowth,kcrowthc9@columbia.edu,Female,51.0.131.181
443,Othello,Matanin,omataninca@bbc.co.uk,Male,38.46.20.250
444,Celestyna,McNeilley,cmcneilleycb@w3.org,Female,58.224.55.112
445,Carmela,Asty,castycc@instagram.com,Female,67.58.225.0
446,Milty,Maryet,mmaryetcd@yellowbook.com,Male,113.118.33.93
447,Taylor,Caldicot,tcaldicotce@google.com,Male,1.97.188.23
448,Franni,Josilowski,fjosilowskicf@phoca.cz,Female,98.246.93.146
449,Selene,Fallanche,sfallanchecg@disqus.com,Female,194.158.178.73
450,Charmane,Worsnup,cworsnupch@wp.com,Female,117.223.218.42
451,Miner,Dalley,mdalleyci@gizmodo.com,Male,37.105.216.157
452,Chiquia,Trengrouse,ctrengrousecj@gov.uk,Female,254.240.67.208
453,Faun,O'Farrell,fofarrellck@washington.edu,Female,109.175.18.16
454,Felice,Bartod,fbartodcl@i2i.jp,Female,63.142.193.91
455,Irvine,Day,idaycm@vinaora.com,Male,223.87.217.122
456,Merrill,Charlot,mcharlotcn@usatoday.com,Male,120.58.91.110
457,Flint,Sahlstrom,fsahlstromco@instagram.com,Male,227.115.125.212
458,Jack,Chidzoy,jchidzoycp@google.co.uk,Male,207.183.113.140
459,Annadiana,Zaniolini,azaniolinicq@elpais.com,Female,139.23.111.50
460,Joceline,Mazzilli,jmazzillicr@sun.com,Female,207.219.126.26
461,Arlina,Hannum,ahannumcs@paginegialle.it,Female,21.251.92.19
462,Matilda,Tremontana,mtremontanact@salon.com,Female,186.223.202.174
463,Valencia,Handley,vhandleycu@fda.gov,Female,216.102.101.109
464,Glenda,Meys,gmeyscv@canalblog.com,Female,226.97.17.233
465,Raphael,Meiklejohn,rmeiklejohncw@1und1.de,Male,105.150.75.122
466,Mattie,Bullingham,mbullinghamcx@4shared.com,Female,212.65.152.73
467,Illa,Utridge,iutridgecy@epa.gov,Female,185.15.145.1
468,Martyn,Rennison,mrennisoncz@washington.edu,Male,170.212.107.13
469,Derrik,Kilty,dkiltyd0@springer.com,Male,215.114.169.21
470,Julius,Coultar,jcoultard1@goodreads.com,Male,110.213.247.55
471,Itch,Stangoe,istangoed2@ifeng.com,Male,136.177.221.250
472,Cheslie,Lulham,clulhamd3@fda.gov,Female,157.128.192.177
473,Doll,Beckey,dbeckeyd4@etsy.com,Female,190.156.191.160
474,Wylie,Heinonen,wheinonend5@smugmug.com,Male,43.160.66.236
475,Claybourne,Dionisetti,cdionisettid6@exblog.jp,Male,142.159.80.252
476,Gerianna,Ainger,gaingerd7@t.co,Female,85.179.14.80
477,Hersch,Kiebes,hkiebesd8@wikia.com,Male,63.28.99.216
478,Abra,Bowcock,abowcockd9@techcrunch.com,Female,199.248.79.225
479,Opaline,Aldine,oaldineda@4shared.com,Female,69.12.83.185
480,Brigham,Garnam,bgarnamdb@wiley.com,Male,140.142.172.177
481,Devan,Bourdice,dbourdicedc@va.gov,Female,125.22.136.197
482,Kiel,Kingaby,kkingabydd@java.com,Male,197.155.217.158
483,Dolf,Puckinghorne,dpuckinghornede@dropbox.com,Male,180.9.108.107
484,Isidoro,Meneyer,imeneyerdf@miibeian.gov.cn,Male,36.19.107.133
485,Vlad,Hilhouse,vhilhousedg@alibaba.com,Male,143.17.212.169
486,Ramon,Brattell,rbrattelldh@dagondesign.com,Male,238.84.80.39
487,Risa,Cumbridge,rcumbridgedi@europa.eu,Female,175.230.166.68
488,Letizia,Threader,lthreaderdj@chronoengine.com,Female,36.106.140.210
489,Vicky,Dreus,vdreusdk@prnewswire.com,Female,37.231.80.152
490,Katha,McClenan,kmcclenandl@edublogs.org,Female,235.126.158.79
491,Jody,Canning,jcanningdm@wp.com,Female,72.164.95.28
492,Davidde,Barwick,dbarwickdn@simplemachines.org,Male,83.250.70.193
493,Scottie,Keane,skeanedo@prweb.com,Male,43.211.34.64
494,Amandie,Kitchaside,akitchasidedp@wikispaces.com,Female,116.227.191.163
495,Vina,Spellworth,vspellworthdq@nih.gov,Female,45.147.202.43
496,Robinson,Stalley,rstalleydr@squarespace.com,Male,187.28.178.137
497,Allsun,Leiden,aleidends@cmu.edu,Female,178.249.201.13
498,Gustav,Van Salzberger,gvansalzbergerdt@omniture.com,Male,62.84.87.191
499,Borg,Shewsmith,bshewsmithdu@surveymonkey.com,Male,212.181.178.156
500,Estevan,Gathercole,egathercoledv@bbc.co.uk,Male,93.193.168.203
501,Lucia,Zanetto,lzanettodw@gizmodo.com,Female,165.229.105.4
502,Calla,Tierney,ctierneydx@ted.com,Female,61.121.200.238
503,Darelle,Zorro,dzorrody@163.com,Female,209.255.217.39
504,Tess,Hallard,thallarddz@comcast.net,Female,35.238.15.113
505,Bern,Gillie,bgilliee0@over-blog.com,Male,50.10.67.246
506,Nigel,Veregan,nveregane1@ucla.edu,Male,125.65.208.141
507,Alisun,Amort,aamorte2@alexa.com,Female,99.188.35.35
508,Jennilee,Hupka,jhupkae3@infoseek.co.jp,Female,1.72.49.213
509,Antin,Kew,akewe4@stanford.edu,Male,54.121.43.16
510,Rollin,Prudence,rprudencee5@miitbeian.gov.cn,Male,208.129.214.198
511,Boyd,Morrallee,bmorralleee6@parallels.com,Male,21.228.156.7
512,Elysee,Bremmell,ebremmelle7@163.com,Female,247.205.44.193
513,Jamal,Bowell,jbowelle8@feedburner.com,Male,74.122.231.87
514,Anya,Yoslowitz,ayoslowitze9@chronoengine.com,Female,133.200.250.65
515,Clim,Dmitrichenko,cdmitrichenkoea@usda.gov,Male,140.93.203.5
516,Jess,Birdwhistell,jbirdwhistelleb@reuters.com,Male,189.170.128.253
517,Gino,Govern,ggovernec@dyndns.org,Male,207.57.22.192
518,Tirrell,Linwood,tlinwooded@hugedomains.com,Male,1.104.155.134
519,Laurice,Fayter,lfayteree@pagesperso-orange.fr,Female,17.151.240.135
520,Dario,Shoebrook,dshoebrookef@upenn.edu,Male,150.205.137.41
521,Bride,Marushak,bmarushakeg@opera.com,Female,116.115.220.29
522,Zoe,Clail,zclaileh@jalbum.net,Female,2.247.6.240
523,Kippie,Osband,kosbandei@w3.org,Female,134.87.3.192
524,Travus,Medcraft,tmedcraftej@bluehost.com,Male,223.56.23.128
525,Berk,Grooby,bgroobyek@forbes.com,Male,241.145.240.26
526,Hayley,Merrisson,hmerrissonel@zimbio.com,Female,196.18.100.141
527,Beth,Hammarberg,bhammarbergem@engadget.com,Female,181.115.235.141
528,Raynell,Deelay,rdeelayen@squidoo.com,Female,57.221.249.25
529,Alfy,Varsey,avarseyeo@4shared.com,Female,70.181.241.231
530,Colas,Domerque,cdomerqueep@pen.io,Male,205.76.224.194
531,Hirsch,Lorentzen,hlorentzeneq@rediff.com,Male,40.219.199.84
532,Gerrie,Quin,gquiner@bravesites.com,Male,103.150.247.91
533,Tallia,Brightman,tbrightmanes@usgs.gov,Female,105.132.154.192
534,Garold,Dovinson,gdovinsonet@wp.com,Male,8.248.31.172
535,Mada,Schaumann,mschaumanneu@yahoo.com,Female,132.80.38.237
536,Stefan,Pascow,spascowev@privacy.gov.au,Male,159.60.40.128
537,Buck,Pinnigar,bpinnigarew@deviantart.com,Male,249.15.161.221
538,Rozanne,Baston,rbastonex@abc.net.au,Female,166.67.125.81
539,Sandye,Roddie,sroddieey@jimdo.com,Female,44.112.31.59
540,Saxe,Deddum,sdeddumez@answers.com,Male,157.95.145.111
541,Grove,Prandoni,gprandonif0@liveinternet.ru,Male,195.137.51.3
542,Andonis,Palister,apalisterf1@hud.gov,Male,195.137.110.70
543,Fayina,Gillet,fgilletf2@posterous.com,Female,225.208.155.205
544,Bonnie,Ouldred,bouldredf3@auda.org.au,Female,147.180.28.72
545,Reiko,Matiebe,rmatiebef4@sbwire.com,Female,78.99.137.170
546,Torin,Jansen,tjansenf5@buzzfeed.com,Male,6.228.45.75
547,Thomas,Whinray,twhinrayf6@tuttocitta.it,Male,138.199.28.61
548,Claude,Siddell,csiddellf7@upenn.edu,Female,190.27.93.237
549,Montague,Panchen,mpanchenf8@ed.gov,Male,98.11.173.55
550,Reggie,Gerard,rgerardf9@histats.com,Male,1.170.66.223
551,Jessey,Matcham,jmatchamfa@statcounter.com,Male,238.59.73.77
552,Carver,Tuison,ctuisonfb@bluehost.com,Male,147.199.118.163
553,Zeke,Poynor,zpoynorfc@theglobeandmail.com,Male,27.215.20.3
554,Raye,Jemison,rjemisonfd@123-reg.co.uk,Female,149.143.42.174
555,Caddric,Curwood,ccurwoodfe@google.com.hk,Male,82.48.228.207
556,Ethyl,Maase,emaaseff@jalbum.net,Female,236.172.170.104
557,Rosetta,Loveard,rloveardfg@nba.com,Female,192.179.4.225
558,Rodney,Banishevitz,rbanishevitzfh@wiley.com,Male,247.113.29.255
559,Wilt,Bolan,wbolanfi@jigsy.com,Male,22.135.213.182
560,Shanta,Pounds,spoundsfj@imgur.com,Female,212.83.26.78
561,Cecilio,Persehouse,cpersehousefk@spiegel.de,Male,73.4.79.80
562,Anjanette,Elford,aelfordfl@reddit.com,Female,119.206.18.182
563,Casar,Boller,cbollerfm@sogou.com,Male,42.152.142.8
564,Bab,Kingscote,bkingscotefn@indiatimes.com,Female,164.45.110.221
565,Artus,Gillitt,agillittfo@comcast.net,Male,99.171.106.60
566,Carry,Waldock,cwaldockfp@github.io,Female,208.28.195.243
567,Jose,Teale,jtealefq@live.com,Male,160.14.193.20
568,Olive,Colgan,ocolganfr@unblog.fr,Female,83.71.24.119
569,Annabel,McKerrow,amckerrowfs@sitemeter.com,Female,152.24.92.189
570,Angy,Pettingall,apettingallft@telegraph.co.uk,Female,15.84.126.45
571,Zacharia,Forstall,zforstallfu@photobucket.com,Male,14.54.162.238
572,Miller,Brosenius,mbroseniusfv@bloglines.com,Male,211.184.222.52
573,Pinchas,Horlick,phorlickfw@chron.com,Male,160.42.97.137
574,Katha,Kingsbury,kkingsburyfx@trellian.com,Female,75.232.47.161
575,Cora,Cominoli,ccominolify@woothemes.com,Female,110.139.241.162
576,Berkley,Hungerford,bhungerfordfz@gizmodo.com,Male,230.222.194.124
577,Eamon,Loach,eloachg0@usgs.gov,Male,48.50.150.77
578,Gratia,Brussels,gbrusselsg1@hubpages.com,Female,197.129.37.123
579,Neddie,Willes,nwillesg2@berkeley.edu,Male,42.199.98.32
580,Wilfrid,Goodhay,wgoodhayg3@behance.net,Male,168.185.120.107
581,Adrianne,Markie,amarkieg4@ihg.com,Female,204.162.24.200
582,Xenos,Chalkly,xchalklyg5@twitpic.com,Male,213.190.75.125
583,Dennet,Clausson,dclaussong6@europa.eu,Male,108.53.228.52
584,Marlo,Kembrey,mkembreyg7@wiley.com,Male,168.246.89.220
585,Allina,Castagneto,acastagnetog8@php.net,Female,206.244.168.121
586,Johan,Bleazard,jbleazardg9@yahoo.co.jp,Male,188.191.185.99
587,Sullivan,Fishly,sfishlyga@theglobeandmail.com,Male,84.15.221.128
588,Rea,Castelijn,rcastelijngb@vk.com,Female,29.106.77.71
589,Locke,Womersley,lwomersleygc@google.com.au,Male,225.96.123.195
590,Giana,Babbs,gbabbsgd@foxnews.com,Female,8.35.190.254
591,Kaine,Wedgbrow,kwedgbrowge@pcworld.com,Male,197.41.215.19
592,Lotty,Eard,leardgf@mac.com,Female,23.168.70.111
593,Puff,McGirr,pmcgirrgg@t-online.de,Male,219.118.127.10
594,Annaliese,Ratchford,aratchfordgh@drupal.org,Female,229.244.67.29
595,Sheff,Forrester,sforrestergi@vk.com,Male,222.3.98.87
596,Rosabella,Millichap,rmillichapgj@sbwire.com,Female,18.84.84.46
597,Hedvig,Chalder,hchaldergk@dmoz.org,Female,206.66.79.159
598,Oberon,Dibbert,odibbertgl@cbslocal.com,Male,206.187.154.116
599,Othelia,Holdron,oholdrongm@exblog.jp,Female,139.186.205.19
600,Chick,Larmuth,clarmuthgn@home.pl,Male,238.64.14.159
601,Bartolemo,MacKeeg,bmackeeggo@fc2.com,Male,211.199.125.108
602,Ilse,Spon,ispongp@addtoany.com,Female,164.4.192.90
603,Retha,Kilpatrick,rkilpatrickgq@163.com,Female,34.112.143.175
604,Trisha,Cutmore,tcutmoregr@tiny.cc,Female,249.52.184.76
605,Petronella,Starkey,pstarkeygs@deviantart.com,Female,249.59.5.36
606,Blondy,Corder,bcordergt@flavors.me,Female,23.8.204.239
607,Gwenette,Eddy,geddygu@google.es,Female,42.171.112.92
608,Steffen,Peckham,speckhamgv@diigo.com,Male,229.73.6.194
609,Kaylil,Luetkemeyer,kluetkemeyergw@free.fr,Female,187.191.234.216
610,Mattie,Burnell,mburnellgx@army.mil,Male,22.241.237.35
611,Sigvard,Nalder,snaldergy@admin.ch,Male,249.166.168.137
612,Giff,Brennand,gbrennandgz@vistaprint.com,Male,200.67.79.42
613,Morgen,Seivwright,mseivwrighth0@ted.com,Female,241.44.56.219
614,Saundra,Winterbourne,swinterbourneh1@chronoengine.com,Female,66.78.74.26
615,Sydelle,Helks,shelksh2@wikipedia.org,Female,184.239.112.37
616,Woodrow,Dwerryhouse,wdwerryhouseh3@linkedin.com,Male,139.87.47.74
617,Boyce,Playhill,bplayhillh4@ted.com,Male,230.97.112.253
618,Rad,Vannucci,rvannuccih5@hatena.ne.jp,Male,112.215.234.146
619,Grenville,Deeth,gdeethh6@fastcompany.com,Male,114.55.202.208
620,Heather,Sinkinson,hsinkinsonh7@geocities.com,Female,165.17.179.196
621,Floris,Minci,fmincih8@cloudflare.com,Female,134.18.13.239
622,Vail,Gaitskill,vgaitskillh9@wired.com,Male,121.162.245.237
623,Alasteir,Junkin,ajunkinha@webeden.co.uk,Male,168.130.140.9
624,Tressa,Jurek,tjurekhb@altervista.org,Female,37.160.137.27
625,Torrance,Chaise,tchaisehc@comsenz.com,Male,76.241.113.152
626,Shae,Oram,soramhd@paginegialle.it,Male,245.56.47.25
627,Kermit,Oxterby,koxterbyhe@ustream.tv,Male,125.200.219.211
628,Hazel,Bleesing,hbleesinghf@mysql.com,Female,111.135.184.43
629,Hilary,Bonfield,hbonfieldhg@ezinearticles.com,Male,94.31.173.37
630,Mahmoud,Fegan,mfeganhh@bravesites.com,Male,68.133.8.252
631,Hubie,Stourton,hstourtonhi@macromedia.com,Male,210.186.8.152
632,Carlye,Timms,ctimmshj@bloomberg.com,Female,195.9.180.245
633,Vickie,Pingstone,vpingstonehk@msu.edu,Female,209.249.218.233
634,Spike,McKeney,smckeneyhl@prlog.org,Male,24.73.191.225
635,Burl,Djurkovic,bdjurkovichm@devhub.com,Male,164.171.89.145
636,Ranna,Sainer,rsainerhn@phpbb.com,Female,9.132.40.170
637,Michaeline,Benford,mbenfordho@amazon.com,Female,41.19.47.75
638,Rene,Coytes,rcoyteshp@plala.or.jp,Male,211.24.246.156
639,Waylan,Drage,wdragehq@ihg.com,Male,2.163.88.198
640,Stevena,Raphael,sraphaelhr@auda.org.au,Female,100.116.253.138
641,Wain,Padmore,wpadmorehs@ted.com,Male,5.166.176.103
642,Fairfax,Spinelli,fspinelliht@mayoclinic.com,Male,121.179.104.92
643,Tasha,Doughartie,tdoughartiehu@time.com,Female,60.71.72.72
644,Gilligan,Cock,gcockhv@rediff.com,Female,53.177.138.9
645,Ailina,Fairhall,afairhallhw@paginegialle.it,Female,142.149.129.246
646,Delaney,Vannuchi,dvannuchihx@trellian.com,Male,103.235.179.87
647,Winnah,Kinge,wkingehy@squidoo.com,Female,88.171.32.185
648,Rosette,Halfacree,rhalfacreehz@smugmug.com,Female,204.8.151.183
649,Nicolas,Blackney,nblackneyi0@discovery.com,Male,27.198.215.51
650,Shanta,Bradnick,sbradnicki1@skyrock.com,Female,192.89.149.116
651,Sileas,De Domenico,sdedomenicoi2@fotki.com,Female,92.218.43.4
652,Laina,Osban,losbani3@umn.edu,Female,191.247.225.162
653,Blanca,Losselyong,blosselyongi4@fc2.com,Female,19.48.6.134
654,Nani,Bothe,nbothei5@ucsd.edu,Female,108.190.96.106
655,Amii,Hoffner,ahoffneri6@ebay.co.uk,Female,187.31.74.177
656,Nester,Godbert,ngodberti7@ebay.com,Male,82.38.54.227
657,Rachel,Conrath,rconrathi8@friendfeed.com,Female,238.209.215.66
658,Maddie,Picton,mpictoni9@statcounter.com,Male,243.249.130.91
659,Parke,Newbold,pnewboldia@fotki.com,Male,163.113.158.70
660,Jordon,Brimilcombe,jbrimilcombeib@google.pl,Male,181.255.168.181
661,Sephira,Lere,slereic@ehow.com,Female,206.26.211.216
662,Kelli,Hillam,khillamid@google.co.jp,Female,248.238.81.209
663,Vick,Foan,vfoanie@mlb.com,Male,190.184.33.246
664,Lindsay,Graber,lgraberif@photobucket.com,Male,167.39.154.61
665,Avigdor,Matschke,amatschkeig@cornell.edu,Male,135.97.162.204
666,Yoko,Dishmon,ydishmonih@flickr.com,Female,31.169.27.52
667,Kennett,Hallows,khallowsii@google.pl,Male,97.161.251.46
668,Shauna,Marusik,smarusikij@va.gov,Female,176.121.134.13
669,Lurleen,Alonso,lalonsoik@hexun.com,Female,170.75.131.94
670,Aleece,Newitt,anewittil@discovery.com,Female,35.180.245.12
671,Ernest,Trodd,etroddim@wunderground.com,Male,16.5.29.230
672,Gaylord,Sharrem,gsharremin@cocolog-nifty.com,Male,224.201.30.217
673,Lazar,Chetwind,lchetwindio@deliciousdays.com,Male,255.43.55.199
674,Guinna,Wressell,gwressellip@storify.com,Female,217.152.16.122
675,Guglielmo,O'Hederscoll,gohederscolliq@ted.com,Male,199.108.189.129
676,Winne,Menchenton,wmenchentonir@mediafire.com,Female,147.128.212.6
677,Ursala,Chard,uchardis@blogger.com,Female,168.254.191.10
678,Sauveur,Shewen,sshewenit@cam.ac.uk,Male,178.39.172.41
679,Gardner,Lockner,glockneriu@twitpic.com,Male,222.5.51.170
680,Marlee,Hachard,mhachardiv@photobucket.com,Female,90.254.11.18
681,Erwin,Braunthal,ebraunthaliw@globo.com,Male,125.107.229.153
682,Gwen,Simonutti,gsimonuttiix@exblog.jp,Female,84.102.52.237
683,Sigismundo,Dalliwater,sdalliwateriy@pinterest.com,Male,106.54.227.56
684,Rafferty,Cella,rcellaiz@loc.gov,Male,99.160.5.159
685,Ravi,Shobrook,rshobrookj0@elegantthemes.com,Male,144.192.87.60
686,Kev,Fleetwood,kfleetwoodj1@cornell.edu,Male,190.210.0.92
687,Dex,Bedford,dbedfordj2@forbes.com,Male,124.194.236.224
688,Udell,Imlaw,uimlawj3@google.cn,Male,85.227.121.30
689,Gardiner,Olle,gollej4@purevolume.com,Male,206.233.132.9
690,Alfonse,Ivie,aiviej5@sina.com.cn,Male,227.163.230.221
691,Prudi,Abbyss,pabbyssj6@wsj.com,Female,133.215.226.56
692,Mead,Zealy,mzealyj7@digg.com,Male,216.215.153.125
693,Otho,Leggis,oleggisj8@blogger.com,Male,69.172.153.232
694,Georgeanne,Haslegrave,ghaslegravej9@apache.org,Female,227.37.148.74
695,Jamaal,Kydde,jkyddeja@google.com,Male,211.215.231.208
696,Marlowe,Gerardeaux,mgerardeauxjb@examiner.com,Male,255.20.112.84
697,Mona,Shuker,mshukerjc@baidu.com,Female,52.255.73.52
698,Kerry,Nuss,knussjd@upenn.edu,Male,69.172.237.179
699,Carola,Korpolak,ckorpolakje@amazon.co.jp,Female,75.73.208.186
700,Edwin,Jasiak,ejasiakjf@blogtalkradio.com,Male,194.60.219.4
701,Julian,Haggie,jhaggiejg@house.gov,Male,251.18.131.180
702,Saraann,Bigham,sbighamjh@webnode.com,Female,163.247.153.21
703,Wyndham,Helsby,whelsbyji@altervista.org,Male,165.104.3.29
704,Dewie,Skechley,dskechleyjj@sourceforge.net,Male,180.184.109.166
705,Heddi,Gaitskell,hgaitskelljk@ustream.tv,Female,37.247.87.249
706,Reube,Guiver,rguiverjl@facebook.com,Male,201.254.203.66
707,Garwin,Gommowe,ggommowejm@goo.gl,Male,228.187.65.174
708,Frances,Aidler,faidlerjn@wordpress.org,Female,77.94.234.236
709,Desi,Guage,dguagejo@unc.edu,Male,164.58.25.252
710,Bald,Kundt,bkundtjp@themeforest.net,Male,113.28.142.180
711,Anthia,Daugherty,adaughertyjq@tripadvisor.com,Female,140.114.19.211
712,Boote,MacAdie,bmacadiejr@psu.edu,Male,106.133.129.240
713,Leah,Daftor,ldaftorjs@moonfruit.com,Female,154.103.1.205
714,Caritta,Grimston,cgrimstonjt@thetimes.co.uk,Female,83.132.25.211
715,Randene,Bras,rbrasju@slashdot.org,Female,9.247.195.141
716,Reggy,Kopacek,rkopacekjv@utexas.edu,Male,25.200.120.14
717,Milicent,Rops,mropsjw@msu.edu,Female,204.126.9.221
718,Doralynne,Somerton,dsomertonjx@mozilla.com,Female,102.230.227.124
719,Lyell,Hands,lhandsjy@sphinn.com,Male,148.97.175.135
720,Gregor,Brownbill,gbrownbilljz@youtu.be,Male,183.231.4.238
721,Dud,Dampney,ddampneyk0@simplemachines.org,Male,77.91.105.201
722,Emlyn,Havercroft,ehavercroftk1@de.vu,Male,71.91.195.35
723,Viviana,Whenham,vwhenhamk2@fotki.com,Female,30.171.211.27
724,Michal,Salatino,msalatinok3@netvibes.com,Male,110.209.13.8
725,Hurleigh,Pinson,hpinsonk4@amazon.co.jp,Male,48.125.246.70
726,Mandy,Luna,mlunak5@mashable.com,Female,13.85.172.124
727,Sherwynd,Erricker,serrickerk6@nih.gov,Male,16.185.131.112
728,Trudy,Imlen,timlenk7@tinyurl.com,Female,91.20.106.241
729,Haslett,Pilipets,hpilipetsk8@omniture.com,Male,0.12.84.33
730,Kendell,Kenwell,kkenwellk9@feedburner.com,Male,139.253.124.61
731,Rorie,Markovich,rmarkovichka@wufoo.com,Female,45.183.211.14
732,Addi,Lynthal,alynthalkb@ameblo.jp,Female,120.46.250.244
733,Jessey,Kittredge,jkittredgekc@marketwatch.com,Male,51.187.38.62
734,Cariotta,Gore,cgorekd@creativecommons.org,Female,59.218.51.222
735,Martino,Sydney,msydneyke@bing.com,Male,131.20.85.241
736,Bondie,Musson,bmussonkf@live.com,Male,114.174.22.111
737,Edvard,Swane,eswanekg@macromedia.com,Male,122.163.153.46
738,Richard,Harnor,rharnorkh@elpais.com,Male,6.28.79.32
739,Chucho,Gilhouley,cgilhouleyki@jiathis.com,Male,85.180.87.162
740,Lilly,Edy,ledykj@blogspot.com,Female,166.185.94.189
741,Jill,Hartman,jhartmankk@ifeng.com,Female,107.83.106.120
742,Mariele,Mea,mmeakl@gizmodo.com,Female,47.220.6.122
743,Pennie,Newitt,pnewittkm@shutterfly.com,Male,15.154.214.123
744,Henrie,Low,hlowkn@sohu.com,Female,138.220.143.65
745,Hannie,Vater,hvaterko@yahoo.co.jp,Female,180.129.52.62
746,Flint,Featherbie,ffeatherbiekp@chron.com,Male,157.252.239.248
747,Glynn,State,gstatekq@newsvine.com,Male,79.124.18.98
748,Evangelin,Bard,ebardkr@go.com,Female,59.30.145.147
749,Jacqui,Goodread,jgoodreadks@arstechnica.com,Female,144.217.43.238
750,Gilemette,Coote,gcootekt@ox.ac.uk,Female,203.207.57.47
751,Caprice,Andrei,candreiku@indiegogo.com,Female,96.212.167.165
752,Justino,Laming,jlamingkv@arizona.edu,Male,115.249.6.99
753,Dov,Powney,dpowneykw@qq.com,Male,94.34.91.53
754,Tani,Junes,tjuneskx@comcast.net,Female,147.138.154.241
755,Fee,Kike,fkikeky@ucoz.com,Male,84.77.62.124
756,Andriana,Halfacree,ahalfacreekz@google.pl,Female,178.71.34.56
757,Garnette,Verity,gverityl0@ebay.com,Female,62.200.78.250
758,Honor,Gummary,hgummaryl1@barnesandnoble.com,Female,173.217.216.115
759,Leilah,Degoix,ldegoixl2@google.com.hk,Female,247.195.151.168
760,Hermine,Hasloch,hhaslochl3@tamu.edu,Female,92.59.45.196
761,Dugald,Crippin,dcrippinl4@youtube.com,Male,231.208.68.205
762,Paulita,Linscott,plinscottl5@accuweather.com,Female,199.131.242.176
763,Delora,Crab,dcrabl6@opensource.org,Female,24.117.69.5
764,Josias,Bradnum,jbradnuml7@answers.com,Male,248.208.110.102
765,Dniren,Sabin,dsabinl8@cbc.ca,Female,19.59.160.43
766,Lisa,Bilovus,lbilovusl9@ucoz.com,Female,26.23.221.240
767,Malvina,Gookey,mgookeyla@amazon.de,Female,177.14.53.129
768,Bibby,Lindroos,blindrooslb@umn.edu,Female,167.215.122.112
769,Matelda,Moogan,mmooganlc@woothemes.com,Female,16.180.139.78
770,Julina,Gail,jgailld@ask.com,Female,174.19.241.151
771,Tally,Gisbye,tgisbyele@mysql.com,Male,105.42.101.244
772,Erminia,Woodage,ewoodagelf@theguardian.com,Female,207.229.217.123
773,Rachele,Charke,rcharkelg@rediff.com,Female,108.72.151.87
774,Dedie,Cawtheray,dcawtheraylh@theatlantic.com,Female,2.102.175.198
775,Mack,Essam,messamli@hatena.ne.jp,Male,121.159.86.114
776,Penny,Wooder,pwooderlj@ameblo.jp,Female,228.131.235.72
777,Sherill,Tabard,stabardlk@meetup.com,Female,33.67.171.252
778,Raphael,Calafate,rcalafatell@nyu.edu,Male,68.194.65.41
779,Dniren,Label,dlabellm@reuters.com,Female,150.11.17.36
780,Harman,Ruston,hrustonln@gizmodo.com,Male,171.62.187.253
781,Otto,Trim,otrimlo@dyndns.org,Male,156.122.143.10
782,Kass,Hammerich,khammerichlp@rediff.com,Female,117.241.82.36
783,Ivy,Vagg,ivagglq@1und1.de,Female,156.107.41.159
784,Brockie,Wegman,bwegmanlr@wiley.com,Male,92.211.51.93
785,Eryn,Gehring,egehringls@w3.org,Female,11.27.147.172
786,Margret,Temby,mtembylt@cpanel.net,Female,71.219.236.200
787,Marrissa,Maryon,mmaryonlu@wufoo.com,Female,123.238.42.63
788,Lorry,Robken,lrobkenlv@prnewswire.com,Male,107.154.233.29
789,Janel,Bramstom,jbramstomlw@chronoengine.com,Female,117.252.59.202
790,Margette,Beggio,mbeggiolx@vkontakte.ru,Female,214.112.24.28
791,Rycca,Endle,rendlely@pen.io,Female,11.85.235.169
792,Guinevere,Concklin,gconcklinlz@blinklist.com,Female,155.35.247.126
793,Fitz,Baudi,fbaudim0@meetup.com,Male,228.125.85.178
794,Brooke,Zahor,bzahorm1@addtoany.com,Female,139.152.141.193
795,Neville,Casino,ncasinom2@state.gov,Male,85.201.73.0
796,Maurine,Cornforth,mcornforthm3@slideshare.net,Female,202.38.241.159
797,Jeromy,Wigmore,jwigmorem4@yahoo.co.jp,Male,105.46.93.123
798,Grannie,Insoll,ginsollm5@bbc.co.uk,Male,120.43.6.148
799,Oralie,Josipovitz,ojosipovitzm6@umich.edu,Female,97.8.96.235
800,Georgie,Server,gserverm7@forbes.com,Male,213.15.105.42
801,Ransom,Mc Pake,rmcpakem8@wired.com,Male,99.181.123.196
802,Olympie,Dackombe,odackombem9@angelfire.com,Female,45.248.154.218
803,Saunderson,Atkinson,satkinsonma@usgs.gov,Male,120.223.93.115
804,Edmund,Deverell,edeverellmb@blog.com,Male,44.127.10.33
805,Vito,Virgin,vvirginmc@adobe.com,Male,83.20.140.247
806,Estevan,Castiello,ecastiellomd@over-blog.com,Male,1.191.77.76
807,Lauretta,Hawson,lhawsonme@bloomberg.com,Female,12.178.144.70
808,Emlyn,Balsdon,ebalsdonmf@diigo.com,Male,105.47.59.100
809,Sawyer,Cona,sconamg@businessweek.com,Male,188.253.148.85
810,Maridel,Kleiser,mkleisermh@eventbrite.com,Female,126.91.193.7
811,Ab,Stut,astutmi@infoseek.co.jp,Male,141.183.98.125
812,Ronalda,Krysztofiak,rkrysztofiakmj@blinklist.com,Female,53.176.121.82
813,Donella,Le Surf,dlesurfmk@networkadvertising.org,Female,190.64.56.79
814,Del,Corradetti,dcorradettiml@hud.gov,Male,7.156.15.119
815,Eldredge,Andrin,eandrinmm@instagram.com,Male,13.121.53.236
816,Donnajean,Georgius,dgeorgiusmn@aol.com,Female,92.38.56.5
817,Nicky,Geaves,ngeavesmo@devhub.com,Male,81.37.210.241
818,Missy,Dudenie,mdudeniemp@comsenz.com,Female,78.210.134.106
819,Nonnah,Dyson,ndysonmq@hatena.ne.jp,Female,136.132.97.74
820,Scotty,Pirrie,spirriemr@sun.com,Male,99.24.96.227
821,Brittne,Ealles,beallesms@barnesandnoble.com,Female,19.51.65.59
822,Cicely,Waldie,cwaldiemt@facebook.com,Female,172.52.124.62
823,Jojo,Pieche,jpiechemu@jugem.jp,Female,35.180.156.123
824,Flint,Fitzroy,ffitzroymv@thetimes.co.uk,Male,167.13.153.186
825,Elisha,Scruton,escrutonmw@msn.com,Female,252.253.61.33
826,Karel,Winn,kwinnmx@businesswire.com,Male,146.212.213.97
827,Maitilde,Bloan,mbloanmy@de.vu,Female,243.27.86.226
828,Cody,Radeliffe,cradeliffemz@blog.com,Male,251.11.116.93
829,Brice,Fliege,bfliegen0@bbb.org,Male,218.200.199.33
830,Zed,Tow,ztown1@yellowbook.com,Male,124.249.196.45
831,Nil,Cullimore,ncullimoren2@icq.com,Male,126.172.100.175
832,Hillel,Fenton,hfentonn3@chicagotribune.com,Male,116.9.85.112
833,Robin,Howorth,rhoworthn4@economist.com,Female,143.211.255.209
834,Agathe,Badcock,abadcockn5@posterous.com,Female,254.79.81.132
835,Gabrielle,Learmond,glearmondn6@tumblr.com,Female,94.66.52.117
836,Anneliese,Burgiss,aburgissn7@epa.gov,Female,17.58.117.162
837,Sherie,Passion,spassionn8@amazon.de,Female,216.220.75.219
838,Paddie,Silvester,psilvestern9@google.co.jp,Male,83.239.239.5
839,Oliver,Backhouse,obackhousena@mapquest.com,Male,8.42.234.137
840,Tobe,Beadnell,tbeadnellnb@bluehost.com,Male,206.63.119.243
841,Georges,Gimbart,ggimbartnc@nifty.com,Male,199.144.108.228
842,Sadye,Gawthorp,sgawthorpnd@blogtalkradio.com,Female,246.35.63.203
843,Rand,Glyssanne,rglyssannene@samsung.com,Male,141.67.135.144
844,Tobey,Pipkin,tpipkinnf@is.gd,Female,80.230.75.184
845,Ethelred,Esherwood,eesherwoodng@typepad.com,Male,153.255.69.35
846,Lisle,Philler,lphillernh@macromedia.com,Male,250.36.240.163
847,Shela,Capon,scaponni@histats.com,Female,55.116.204.72
848,Frannie,Sollitt,fsollittnj@auda.org.au,Male,215.246.5.175
849,Shea,Lidden,sliddennk@discovery.com,Male,212.63.227.67
850,Ivory,Mothersole,imothersolenl@va.gov,Female,43.123.218.253
851,Clayborn,Satchel,csatchelnm@usnews.com,Male,42.125.12.8
852,Remus,Hand,rhandnn@ustream.tv,Male,142.78.175.243
853,Ardis,Jeffress,ajeffressno@adobe.com,Female,218.237.177.75
854,Cooper,Rann,crannnp@etsy.com,Male,47.81.120.218
855,Lizbeth,Haskett,lhaskettnq@cbslocal.com,Female,187.126.90.64
856,Pete,Slinger,pslingernr@e-recht24.de,Male,122.151.159.98
857,Rollo,Murch,rmurchns@weebly.com,Male,107.148.159.48
858,Leticia,Keningham,lkeninghamnt@merriam-webster.com,Female,154.66.6.250
859,Legra,Bes,lbesnu@edublogs.org,Female,82.40.239.120
860,Kenton,Fabri,kfabrinv@ucoz.ru,Male,149.68.238.236
861,Engelbert,Pasmore,epasmorenw@vistaprint.com,Male,65.25.202.169
862,Leesa,Farndell,lfarndellnx@newyorker.com,Female,148.69.137.230
863,Wenona,Blackham,wblackhamny@arstechnica.com,Female,71.36.80.185
864,Sharron,Gair,sgairnz@marketwatch.com,Female,112.232.131.213
865,Kristofer,Gallifont,kgallifonto0@dagondesign.com,Male,164.192.160.253
866,Lazar,Moan,lmoano1@bigcartel.com,Male,183.57.88.92
867,Brnaba,Vedishchev,bvedishchevo2@ameblo.jp,Male,123.244.126.41
868,Fax,Saunter,fsauntero3@newyorker.com,Male,199.44.198.236
869,Kiley,Klaaassen,kklaaasseno4@squidoo.com,Male,154.157.92.209
870,Nappie,Kropach,nkropacho5@unblog.fr,Male,245.21.10.200
871,Ripley,McGaffey,rmcgaffeyo6@vk.com,Male,131.65.96.169
872,Trent,MacKomb,tmackombo7@epa.gov,Male,142.201.71.112
873,Griffin,Pappi,gpappio8@uiuc.edu,Male,141.229.24.8
874,Amata,Goudman,agoudmano9@nifty.com,Female,245.140.168.184
875,Emylee,Pinnijar,epinnijaroa@pcworld.com,Female,179.210.112.174
876,Gilbert,Gillott,ggillottob@exblog.jp,Male,109.250.45.134
877,Kenon,Lorrie,klorrieoc@timesonline.co.uk,Male,130.69.88.11
878,Tiffanie,Jozsa,tjozsaod@yahoo.com,Female,41.96.188.247
879,Carson,Saltmarsh,csaltmarshoe@tmall.com,Male,10.229.198.121
880,Base,McCormack,bmccormackof@people.com.cn,Male,248.212.131.11
881,Jedidiah,Eickhoff,jeickhoffog@princeton.edu,Male,189.164.91.204
882,Di,Ormiston,dormistonoh@elpais.com,Female,119.214.66.192
883,Biron,Mowsdale,bmowsdaleoi@simplemachines.org,Male,159.158.88.152
884,Carolina,Littlecote,clittlecoteoj@blogspot.com,Female,112.196.254.137
885,Flint,Kurten,fkurtenok@google.cn,Male,86.124.10.9
886,Cynthia,De Benedetti,cdebenedettiol@goo.gl,Female,58.212.3.206
887,Konstantin,Novakovic,knovakovicom@instagram.com,Male,127.164.129.41
888,Bary,Jillett,bjilletton@smugmug.com,Male,200.7.103.224
889,Blaine,Tranckle,btranckleoo@storify.com,Male,37.228.217.223
890,Jedd,Wibrew,jwibrewop@hatena.ne.jp,Male,34.97.98.84
891,Lil,Seiter,lseiteroq@ucla.edu,Female,107.34.209.58
892,Lane,McNally,lmcnallyor@simplemachines.org,Female,151.107.28.173
893,Aridatha,Basire,abasireos@gravatar.com,Female,230.230.44.93
894,Jerrie,Hartright,jhartrightot@live.com,Male,44.217.74.67
895,Lil,Comley,lcomleyou@buzzfeed.com,Female,124.60.107.81
896,Edwina,Chiommienti,echiommientiov@so-net.ne.jp,Female,211.63.77.50
897,Hinda,Ballchin,hballchinow@senate.gov,Female,17.16.89.190
898,Alfie,Drennan,adrennanox@amazon.co.jp,Female,254.124.91.96
899,Faun,Gavigan,fgaviganoy@simplemachines.org,Female,93.160.19.16
900,Timmie,Valerio,tvaleriooz@cbslocal.com,Male,192.207.130.238
901,Micheil,Flawn,mflawnp0@exblog.jp,Male,223.237.222.216
902,Allie,Haskur,ahaskurp1@eventbrite.com,Male,29.144.11.10
903,Elga,Dulson,edulsonp2@si.edu,Female,136.7.54.148
904,Fawnia,Benny,fbennyp3@fotki.com,Female,63.21.148.223
905,Gram,Leving,glevingp4@chronoengine.com,Male,233.137.194.42
906,Gillian,Wootton,gwoottonp5@nba.com,Female,198.64.27.154
907,Marshal,Peacham,mpeachamp6@1und1.de,Male,62.178.160.92
908,Dag,Tibbotts,dtibbottsp7@dropbox.com,Male,203.145.219.243
909,Scarlett,Flips,sflipsp8@wikimedia.org,Female,218.60.113.132
910,Stanton,Lanaway,slanawayp9@eepurl.com,Male,31.74.222.60
911,Feliza,Medley,fmedleypa@addthis.com,Female,85.246.65.1
912,Melisande,Flamank,mflamankpb@statcounter.com,Female,209.0.74.145
913,Mariquilla,Moulsdale,mmoulsdalepc@statcounter.com,Female,98.212.207.177
914,Jazmin,Lentsch,jlentschpd@istockphoto.com,Female,188.245.105.181
915,Giacomo,Sarginson,gsarginsonpe@illinois.edu,Male,152.57.255.106
916,Winslow,Bentham,wbenthampf@addtoany.com,Male,51.54.140.4
917,Esma,Mettrick,emettrickpg@fema.gov,Female,27.79.61.226
918,Herrick,Grisley,hgrisleyph@telegraph.co.uk,Male,235.198.209.112
919,Avis,Petrazzi,apetrazzipi@tripod.com,Female,177.159.159.234
920,Sybille,Legendre,slegendrepj@soundcloud.com,Female,71.101.252.188
921,Spike,Mussington,smussingtonpk@reuters.com,Male,218.249.37.237
922,Ambros,Brennenstuhl,abrennenstuhlpl@state.gov,Male,247.47.205.45
923,Griffith,Kermitt,gkermittpm@macromedia.com,Male,109.51.16.198
924,Kassandra,Weld,kweldpn@dropbox.com,Female,170.154.138.14
925,Wayne,Kobpa,wkobpapo@army.mil,Male,31.93.120.188
926,Cyrill,Ephson,cephsonpp@goodreads.com,Male,116.16.253.40
927,Jorge,Buckleigh,jbuckleighpq@wp.com,Male,94.254.148.84
928,Rebeka,Tassell,rtassellpr@arizona.edu,Female,36.227.134.25
929,Olivier,Jirusek,ojirusekps@yolasite.com,Male,43.88.229.31
930,Matty,Neame,mneamept@cmu.edu,Male,174.45.17.165
931,Ethe,Doggrell,edoggrellpu@ed.gov,Male,140.36.38.22
932,Fannie,Innis,finnispv@mysql.com,Female,255.78.200.249
933,Obed,Lamputt,olamputtpw@archive.org,Male,244.54.96.92
934,Che,Buey,cbueypx@usa.gov,Male,183.82.27.74
935,Marysa,Puleston,mpulestonpy@t-online.de,Female,161.230.17.184
936,Valma,Greatreax,vgreatreaxpz@webnode.com,Female,147.12.194.112
937,Julienne,Lobley,jlobleyq0@taobao.com,Female,19.93.50.112
938,Irina,Parmeter,iparmeterq1@yahoo.com,Female,62.103.24.17
939,Chet,Bradden,cbraddenq2@wikia.com,Male,153.58.103.61
940,Leta,Plum,lplumq3@redcross.org,Female,193.117.68.102
941,Clarence,Tivers,ctiversq4@amazon.co.jp,Male,63.1.176.150
942,Eberhard,Castard,ecastardq5@pagesperso-orange.fr,Male,53.201.236.61
943,Elwood,Roch,erochq6@reverbnation.com,Male,139.115.185.30
944,Julio,Gabriely,jgabrielyq7@google.cn,Male,165.118.156.55
945,Nollie,Belvin,nbelvinq8@soundcloud.com,Male,83.207.164.133
946,Viole,Vaneev,vvaneevq9@comsenz.com,Female,130.188.75.218
947,Beret,Blaney,bblaneyqa@seesaa.net,Female,94.100.187.61
948,Lena,Wrigley,lwrigleyqb@amazon.com,Female,24.248.169.16
949,Wandie,McGerr,wmcgerrqc@cmu.edu,Female,212.105.45.211
950,Clarisse,Letessier,cletessierqd@hp.com,Female,233.213.178.112
951,Redd,Persehouse,rpersehouseqe@sciencedaily.com,Male,71.183.13.241
952,Editha,Pardon,epardonqf@usnews.com,Female,239.130.136.76
953,Quinlan,Lethieulier,qlethieulierqg@digg.com,Male,148.91.47.169
954,Ritchie,Sutterby,rsutterbyqh@japanpost.jp,Male,201.138.40.119
955,Angeli,Scolland,ascollandqi@reuters.com,Male,243.92.13.49
956,Jenna,Swyer,jswyerqj@washington.edu,Female,198.195.60.56
957,Babita,Virr,bvirrqk@livejournal.com,Female,131.126.97.40
958,Lolita,Ricioppo,lricioppoql@quantcast.com,Female,50.204.40.157
959,Lewie,Kobpa,lkobpaqm@nbcnews.com,Male,140.28.109.101
960,Orsa,Cornelisse,ocornelisseqn@surveymonkey.com,Female,224.223.108.233
961,Caryn,Rosenstiel,crosenstielqo@google.es,Female,160.66.31.175
962,Francyne,Pleat,fpleatqp@ucoz.com,Female,182.118.136.84
963,Lily,Fitzsymon,lfitzsymonqq@businesswire.com,Female,226.197.60.243
964,Chrysa,Gulliver,cgulliverqr@unicef.org,Female,169.193.124.204
965,Mitchel,Robb,mrobbqs@qq.com,Male,44.242.124.131
966,Cassie,McIlvenny,cmcilvennyqt@vinaora.com,Female,47.106.224.203
967,Adi,Leggott,aleggottqu@example.com,Female,45.122.181.156
968,Booth,O'Crevan,bocrevanqv@foxnews.com,Male,156.205.65.129
969,Geordie,Frowen,gfrowenqw@chron.com,Male,128.54.244.95
970,Jarrid,Pourveer,jpourveerqx@acquirethisname.com,Male,84.196.220.238
971,Merl,Dudderidge,mdudderidgeqy@usnews.com,Female,43.108.35.101
972,Heda,Challen,hchallenqz@home.pl,Female,253.123.108.51
973,Laurent,Baxstar,lbaxstarr0@fc2.com,Male,79.169.150.52
974,Emelina,Zipsell,ezipsellr1@theatlantic.com,Female,114.120.148.23
975,Kyle,Grishinov,kgrishinovr2@uol.com.br,Male,78.64.11.231
976,Fiann,Philipps,fphilippsr3@flavors.me,Female,238.175.2.5
977,Hobie,Hefner,hhefnerr4@jugem.jp,Male,0.157.18.194
978,Jourdan,Borrell,jborrellr5@mit.edu,Female,58.46.238.0
979,Adriana,Baudacci,abaudaccir6@google.cn,Female,88.196.129.59
980,Allin,Brinsden,abrinsdenr7@behance.net,Male,20.89.58.97
981,Giffie,Arnoldi,garnoldir8@disqus.com,Male,36.115.237.218
982,Ronald,Figg,rfiggr9@livejournal.com,Male,154.78.252.57
983,Artur,Dable,adablera@elegantthemes.com,Male,33.233.119.134
984,Rhett,Thornborrow,rthornborrowrb@twitter.com,Male,226.177.133.111
985,Hinze,Sisland,hsislandrc@omniture.com,Male,243.170.193.203
986,Candra,Suller,csullerrd@woothemes.com,Female,52.125.226.204
987,Kelby,Macon,kmaconre@usatoday.com,Male,199.189.167.176
988,Emmalyn,Yeeles,eyeelesrf@cpanel.net,Female,41.184.84.212
989,Dino,Tuberfield,dtuberfieldrg@prnewswire.com,Male,222.231.219.217
990,Pamelina,Laybourne,playbournerh@cargocollective.com,Female,221.211.254.255
991,Sybilla,Wheelband,swheelbandri@businessinsider.com,Female,151.59.182.243
992,Cos,Edkins,cedkinsrj@wired.com,Male,82.14.92.16
993,Dorothy,Jellman,djellmanrk@flickr.com,Female,180.108.151.61
994,Gabriel,Potten,gpottenrl@exblog.jp,Female,126.133.254.82
995,Correna,Tomblin,ctomblinrm@hao123.com,Female,113.21.205.59
996,Sibylle,Dawbury,sdawburyrn@sohu.com,Female,253.181.47.78
997,Pietro,Ducket,pducketro@epa.gov,Male,220.235.3.213
998,Hayes,Scoines,hscoinesrp@godaddy.com,Male,63.228.31.149
999,Ettie,Booker,ebookerrq@com.com,Female,58.140.75.83
1000,Vittorio,Greguoli,vgreguolirr@hp.com,Male,221.237.130.116
